	Dekker_et_al_individual2_CHX	Dekker_et_al_individual2_untreated	Dekker_et_al_individual4_CHX	Dekker_et_al_individual4_untreated	Dekker_et_al_individual3_CHX	Dekker_et_al_individual3_untreated	Dekker_et_al_individual1_CHX	Dekker_et_al_individual1_untreated	Dekker_et_al_individual5_CHX	Dekker_et_al_individual5_untreated	Dekker_et_al_individual9_CHX	Dekker_et_al_individual9_untreated	Dekker_et_al_individual7_CHX	Dekker_et_al_individual7_untreated	Dekker_et_al_individual8_CHX	Dekker_et_al_individual8_untreated	Dekker_et_al_individual6_CHX	Dekker_et_al_individual6_untreated
chr1_12290086_12572099_VPS13D	584	4448	1968	3983	422	819	4728	2964	2287	2761	6007	5158	4572	10319	2665	3504	2203	2296
chr14_21853357_21924282_CHD8	2078	3695	4254	5516	11501	5855	13892	2697	5488	3706	17347	7031	10668	16580	8747	6878	6506	3849
chr16_53632064_53737850_RPGRIP1L	469	828	431	1089	640	921	1760	899	529	745	941	1755	646	3051	640	1093	689	1165
chr18_49866566_51062269_DCC	30	7	40	8	19	8	92	25	30	21	63	6	51	33	149	137	38	2
chr4_106962755_107237840_TBCK	3831	2036	5312	1153	11513	2493	18687	2018	9107	1827	16567	3195	9722	5637	6184	2096	7480	1750
chr4_128838886_128887118_MFSD8	391	537	964	811	1634	783	2051	722	1094	561	3165	1103	2618	3136	1607	982	1100	536
chr6_13305182_13328815_TBC1D7	186	268	182	353	476	418	546	478	251	220	932	1042	465	1538	400	577	315	375
chr6_31633656_31637847_CSNK2B	865	1156	2488	3660	5931	4656	6869	3230	3655	2844	11484	6197	4596	12517	4326	3898	4245	3152
chr8_120743013_120845081_TAF2	4102	1579	6096	2406	13037	2643	15833	2156	8443	1969	19274	2576	12384	7741	9450	3283	10892	2156
chrX_129263336_129299861_AIFM1	1414	1027	2027	1443	4211	1596	4876	1359	2754	1195	5762	2353	2523	1379	2754	2062	5295	1415
chr12_30948614_30955645_LINC00941	222	96	280	126	776	300	573	189	446	225	873	176	253	528	639	223	531	116
chr16_432240_442960_LOC100134368	24	20	30	62	68	41	252	19	96	21	119	17	218	138	26	16	109	16
chr4_57333782_57369847_SRP72	3566	4335	6103	6534	12888	8181	21416	7766	10780	6185	33928	14211	18499	30842	14613	11308	14191	7904
chr19_43979254_44008985_PHLDB3	545	202	476	256	1958	230	5847	328	2043	233	5604	556	3051	1565	914	250	1809	358
chr17_39215491_39216366_KRTAP2-3	673	242	2261	372	1416	362	658	229	486	1584	7545	1170	329	3249	1289	161	946	49
chr4_22516934_22517008_MIR12115	0	0	0	0	0	0	0	0	0	0	0	0	1	0	0	0	2	0
chr2_73169164_73298841_SFXN5	275	529	274	827	409	627	1911	714	898	733	1231	1390	684	3367	563	942	643	685
chr1_142697420_142713605_ANKRD20A12P	17	2	1	1	14	9	4	2	27	28	25	17	67	80	14	20	30	15
chr16_15959575_15982460_FOPNL	734	933	1410	1284	2409	1491	2507	1332	1359	1281	4948	2589	2860	5887	1943	1707	2031	1398
chr1_28906275_28906405_SNORA61	2	23	13	93	12	32	13	62	15	47	30	84	15	505	9	143	3	88
chr16_89803956_89883055_FANCA	550	644	861	1965	1360	1357	2758	1462	1781	1494	3477	3521	1384	5206	2031	2438	1921	1572
chr22_19744225_19771116_TBX1	266	590	68	53	393	1238	3309	2189	1409	1134	740	2797	316	3021	90	27	249	1281
chr1_3805696_3816836_C1orf174	63	455	94	917	280	997	464	1076	269	784	350	1533	263	3484	99	936	87	878
chr1_151009061_151020196_BNIPL	3	14	13	11	13	11	26	5	6	1	47	22	102	27	12	2	15	5
chr2_6968684_6980595_NRIR	0	0	0	2	22	2	6	2	9	0	2	2	6	4	4	3	0	0
chr8_38127221_38239790_NSD3	1113	2872	1397	4075	3240	4057	4427	3537	2070	3232	5211	5744	6246	15363	2103	4906	2470	3129
chr17_812871_814452_LOC101927727	74	8	224	11	689	32	242	8	433	12	1534	46	199	32	159	4	1080	14
chr20_43340502_43374868_KCNK15-AS1	804	1304	170	256	182	453	1418	849	2392	1400	4349	2003	449	2467	11	7	2163	961
chrX_107327434_107334874_PSMD10	1017	1495	1805	1789	3468	2127	3779	1592	1578	1296	7158	3233	4558	8103	2796	2414	3083	1639
chr21_47518025_47552762_COL6A2	112546	244179	183899	515433	371091	663324	487960	381248	204938	327852	974011	713308	341005	1764445	133846	166791	364888	358577
chr9_78505559_78977891_PCSK5	409	307	307	323	1668	616	2929	695	1727	458	273	252	409	1116	1050	854	186	281
chr9_130210780_130210916_SNORA65	34	6	112	16	289	8	409	27	135	6	312	9	180	54	132	11	157	13
chr10_97889471_97965047_ZNF518A	745	836	1370	1017	3121	838	3238	919	1751	651	4655	1199	3902	3218	3110	1193	1799	714
chr16_56677598_56678853_MT1DP	0	0	50	0	0	0	11	0	2	0	7	0	0	0	2	0	4	2
chr11_111934733_111944895_PIH1D2	65	59	73	92	176	78	247	64	143	50	247	152	270	292	110	60	132	73
chr15_34674269_34674351_MIR1233-1	17	13	8	14	4	10	9	25	4	0	2	6	13	146	1	4	10	0
chr2_239756725_239832230_TWIST2	2497	8690	3116	4929	7398	5092	4074	5244	3586	3715	16869	12596	11847	7925	743	557	5003	7628
chr9_116029271_116037852_CDC26	131	299	231	397	567	555	676	501	348	433	1247	874	755	2783	260	499	481	383
chr1_28832454_28865812_RCC1	1949	2097	5151	5042	5680	3573	12677	4331	6495	3307	24357	7012	4988	16987	4612	5391	4923	3342
chr12_6930986_6936586_GPR162	0	14	6	29	18	54	12	39	6	27	24	60	20	220	19	115	16	35
chr15_28764756_28778137_GOLGA8G	43	18	46	18	51	14	12	6	11	61	183	28	54	10	34	4	83	32
chr19_1407584_1435683_DAZAP1	1680	3542	1965	9267	4809	8085	8742	6371	4713	5721	8674	13137	7891	33370	2683	7691	3035	6263
chr18_47753562_47792865_CFAP53	194	43	212	50	370	48	934	46	373	30	616	62	860	156	243	17	393	44
chrX_53559056_53713664_HUWE1	5897	16140	12355	18183	30668	21712	39903	14796	18175	12400	44826	22484	25422	50573	20012	19350	17594	10622
chr6_118869458_118882879_PLN	7	4	62	28	72	30	57	31	22	6	22	10	8	21	48	31	6	4
chr22_18560685_18588162_PEX26	690	2294	1061	2981	3111	3763	4143	3045	2012	3035	4701	5372	3669	8600	1935	2849	2096	2560
chrX_133684053_133694428_LINC00629	6	16	16	39	67	25	84	17	19	18	28	37	28	67	23	16	21	12
chr14_105190533_105213662_ADSS1	49	99	28	90	120	110	154	94	104	78	362	282	198	339	140	200	144	59
chr22_41255552_41258117_DNAJB7	70	73	62	75	142	82	314	75	127	50	202	143	79	178	19	16	83	87
chr15_48413186_48434869_SLC24A5	337	34	1064	36	804	45	546	33	295	17	2891	97	1282	207	2132	184	1039	18
chr2_218990016_219001974_CXCR2	0	0	2	0	6	0	0	0	0	0	4	0	0	0	18	0	6	0
chr11_74303626_74354121_POLD3	205	802	270	1514	485	1206	796	1146	500	1184	1040	2250	1024	4583	652	1524	459	1267
chr3_44666527_44689963_ZNF197	875	855	1201	1153	2316	1111	3522	1056	2153	950	5061	1521	3041	3838	2236	1372	2257	1110
chr7_137638093_137642712_CREB3L2-AS1	2	5	1	2	8	1	3	0	1	0	5	1	5	2	6	4	4	1
chr8_25208123_25219028_LOC105379331	30	200	48	220	152	251	31	88	44	190	159	385	118	796	47	126	70	157
chr1_203444933_203460480_PRELP	80	195	132	437	432	2329	1044	1514	2224	4821	2337	1491	812	16557	107	156	340	173
chr12_53585106_53601035_ITGB7	290	67	284	139	301	94	1937	53	610	98	963	274	1171	316	356	80	555	98
chr1_196194908_196577570_KCNT2	171	177	223	157	534	174	695	136	157	40	1157	156	1415	1223	1372	411	524	128
chr6_30227338_30234728_HLA-L	409	157	971	898	617	189	1835	160	1463	181	1858	235	1605	1136	1231	161	1720	632
chr1_173832385_173833079_GAS5-AS1	65	168	145	310	492	328	790	348	327	179	852	418	372	1702	258	213	321	257
chr1_47649253_47655708_PDZK1IP1	310	0	30	0	576	0	2148	6	628	2	735	0	65	2	29	0	392	0
chr3_129693562_129696778_TRH	8	13	25	56	222	559	42	31	106	555	3	2	86	362	704	622	0	2
chr17_74523667_74541458_PRCD	245	360	429	677	2529	2342	1282	233	1699	1146	675	470	3607	4289	2018	1485	771	468
chr13_30996629_31003895_UBE2L5	23	4	56	2	19	0	8	0	4	2	52	11	15	7	32	0	35	6
chr8_95732127_95806064_DPY19L4	492	1628	709	2042	1350	2298	1799	2121	808	1959	2702	4005	2249	9729	1707	3193	969	2016
chr12_9868455_9885895_CLECL1	3	0	6	0	0	0	0	0	1	0	5	0	1	2	27	0	10	0
chr17_6926368_6932963_BCL6B	4	14	10	4	11	2	68	3	18	4	85	18	12	3	24	2	81	6
chr15_82422560_82555104_EFL1	1673	1464	3671	2077	4917	2159	4503	1644	2209	1661	16962	3450	8160	7420	5831	1547	9886	1887
chr3_192959567_192961761_MGC2889	2	1	5	6	7	2	6	0	0	0	0	0	2	0	5	1	2	0
chr18_73121430_73139658_SMIM21	2	0	33	7	41	12	6	2	8	4	93	5	2	8	70	27	14	0
chr16_69458521_69500167_CYB5B	999	1601	2209	2723	3907	3083	4491	2435	2214	2690	8004	5293	3483	10301	3762	3773	3204	2248
chr9_117546914_117568319_TNFSF15	6	2	2	6	13	44	58	79	16	20	11	2	36	117	75	63	6	0
chr13_28535054_28543505_CDX2	64	0	6	0	58	0	244	0	166	0	11	0	6	0	22	0	53	0
chr20_36531528_36573752_VSTM2L	121	215	72	174	337	336	1041	339	308	347	878	337	88	308	196	182	280	285
chr4_123653856_123666098_BBS12	277	291	520	279	991	343	987	257	588	331	1763	569	1098	915	865	285	795	307
chr11_695590_705028_TMEM80	327	944	587	1150	1064	1134	1599	1029	1036	964	2767	1613	1296	3654	640	824	1025	844
chr14_67708151_67802778_MPP5	6427	1522	7158	1945	15712	1787	18982	1538	9428	1695	20224	3078	9645	5872	13463	2689	13303	1764
chr14_39734906_39736265_LOC100288846	22	20	5	31	28	20	59	23	19	16	99	43	18	88	19	13	23	25
chr5_177045500_177099278_LOC202181	61	253	98	232	208	163	337	157	147	123	355	221	269	636	168	184	161	113
chr7_158423860_158497495_NCAPG2	1008	1190	2699	3064	3234	2515	1416	1854	472	1769	5324	6326	1426	7626	3174	3821	3116	2552
chr16_5134284_5147821_EEF2KMT	166	577	332	1174	914	1263	1141	1095	594	1008	1856	2317	1120	4471	768	1514	670	1132
chr19_5865836_5870551_FUT5	0	0	26	0	5	0	8	0	12	0	68	4	47	2	18	0	13	0
chr5_80243511_80256726_RASGRF2-AS1	0	1	1	1	1	0	7	3	2	0	6	0	5	3	2	4	0	0
chr2_20678385_20701284_LOC107985856	22	0	16	1	15	2	3	0	4	0	21	1	25	1	23	1	18	0
chr1_47137525_47139266_TEX38	0	3	0	0	6	4	0	0	0	2	2	0	6	2	2	2	1	0
chr9_35609978_35618410_CD72	110	36	39	61	156	96	272	68	177	74	334	103	140	160	55	33	313	78
chr7_23338957_23351348_MALSU1	132	570	195	990	1125	1419	866	1071	561	766	843	1667	722	4614	462	2053	368	888
chr11_64085592_64089283_PRDX5	1424	5256	2831	6666	5955	11558	6906	6144	3149	5114	10462	12197	5482	44348	4291	6149	5983	6785
chr11_60691931_60704631_TMEM132A	582	880	2147	3068	3321	2999	4721	2643	1016	1379	11118	3599	2006	8020	2845	2506	3288	1612
chr15_64656502_64679886_PCLAF	115	283	432	690	306	686	158	487	54	513	1054	1878	202	2018	866	1344	642	764
chr2_220101319_220110166_GLB1L	280	194	328	301	1205	586	1426	351	648	394	834	417	568	1360	506	444	437	224
chr8_71383368_71397922_LOC101926892	0	0	0	0	0	2	2	4	0	0	2	8	8	24	6	18	12	10
chr22_31477303_31500610_SMTN	7134	3948	11653	10157	36267	10790	23484	6317	14348	8015	65328	19436	12663	25055	18506	7225	23896	6676
chrX_15843928_15872936_AP1S2	1318	1360	2928	2463	2153	1352	3360	2413	2488	1714	8233	4113	4117	6238	2988	1787	4233	1591
chr9_36169384_36171331_CCIN	43	157	47	332	55	286	199	256	83	224	205	442	21	529	54	345	73	225
chr13_114145335_114204544_TMCO3	1000	4876	2746	7607	4253	8567	3744	5221	1404	5972	5760	10655	6921	44269	6358	9472	2709	5088
chr5_79783918_79838382_FAM151B	78	107	221	69	220	103	307	93	121	112	718	192	449	525	211	118	213	79
chr2_279557_288091_ALKAL2	30	5	52	2	51	5	137	2	32	3	143	6	122	24	83	8	66	8
chrX_74270882_74376118_ABCB7	594	469	1080	737	1878	797	1969	626	982	474	3200	1138	2561	3205	1416	805	1551	621
chr19_47813117_47825323_C5AR1	48	44	112	23	115	64	252	37	67	53	405	93	173	75	123	32	121	23
chr4_123747862_123819391_FGF2	22725	13485	13716	21081	53211	22642	71573	20291	72539	24354	73988	33035	30140	52432	31603	11808	42561	25704
chr19_44645706_44664466_ZNF234	187	287	176	470	672	453	693	481	776	390	749	722	517	1544	283	315	406	405
chr19_2867332_2883443_ZNF556	4	0	175	9	2	0	3	0	0	0	33	0	9	0	10	2	72	0
chr21_40752169_40800454_GET1	173	954	297	1204	377	1477	631	1379	208	1092	1242	2782	776	5075	662	1454	463	1115
chr6_26402502_26415436_BTN3A1	449	712	644	947	935	1088	1754	1078	515	709	3203	1384	2172	2820	1509	1079	1368	665
chr13_21351467_21476913_XPO4	588	1018	1307	1835	2176	1355	3496	1484	1491	1160	3910	2580	2144	4241	2838	2393	1191	1071
chr1_203766650_203770202_ZBED6	325	1666	1000	1569	1772	1888	658	1176	540	992	2451	1860	1311	3351	1221	1484	562	648
chr17_20841878_20885670_LOC339260	41	1	116	0	45	2	158	5	57	3	183	4	23	10	84	0	52	0
chr5_68856071_68888303_GTF2H2C	964	1104	607	1257	2233	1392	2004	1119	1675	1401	2687	2068	1896	9647	1036	1771	1295	1994
chr6_3224510_3227887_TUBB2B	351	3221	637	3417	1032	4527	476	2438	852	5124	3340	7283	809	24110	1151	3922	487	3402
chr11_76493356_76509198_TSKU	1750	1006	232	1880	2100	3578	11766	1837	6633	1363	2561	3310	2097	7338	963	2406	1502	1298
chr7_74103270_74143256_LOC101926943	614	1517	737	2328	1863	2616	2419	1936	1314	1574	2671	3192	2361	7060	1267	3048	1199	2037
chr1_40026487_40042462_PABPC4	2276	7865	2723	14542	8943	15006	12506	12725	9181	10489	14060	24379	5717	58513	5016	15359	3378	11284
chr11_109964117_110042566_ZC3H12C	4611	773	3946	678	11211	904	20797	728	8463	669	34341	1404	15932	4079	12084	1227	13274	515
chr11_57425215_57429337_CLP1	118	372	224	476	566	623	697	439	320	419	1125	1026	690	1892	400	632	359	438
chr12_122277432_122326517_HPD	25	6	72	0	91	20	91	11	8	4	104	15	128	25	38	4	64	9
chr1_207495022_207534311_CD55	4076	2490	6360	3065	5731	2966	7413	2717	6271	3232	18893	4541	11060	12154	6304	1410	12013	2926
chr19_2096913_2099589_IZUMO4	19	14	36	29	71	47	322	38	40	40	124	64	39	162	37	22	54	52
chr10_104613966_104661656_BORCS7-ASMT	580	774	1094	1230	1861	1232	1998	1196	1166	1061	3692	2013	3564	5644	1438	1219	1547	753
chr7_65111923_65235797_LOC441242	315	545	486	833	1324	657	2132	862	453	532	2175	1165	2592	3893	931	1051	769	727
chr6_26538281_26538354_TRV-CAC1-6	0	0	2	0	5	8	6	2	0	1	14	3	5	7	4	1	3	2
chr8_9599181_9599278_MIR597	0	0	0	0	0	0	0	0	0	0	1	0	0	0	0	0	0	0
chr9_116853917_116861337_KIF12	4	6	4	2	2	2	8	4	0	4	10	2	0	7	4	2	0	2
chr7_98479319_98479513_SCARNA28	0	0	0	0	0	0	0	0	0	0	0	0	0	1	0	0	0	0
chr1_207039153_207042568_IL20	32	0	7	2	23	2	7	0	8	0	14	0	16	2	2	0	20	0
chr1_150618705_150669630_GOLPH3L	487	792	1050	887	1862	1184	1411	1069	644	891	4476	1677	3254	3475	1883	1038	1619	891
chr2_111003214_111024136_LOC100507334	455	70	749	97	993	75	316	28	374	105	1167	44	1747	412	1671	158	342	38
chr3_47057897_47205603_SETD2	3309	3973	6644	5628	12943	5218	17637	4592	7188	3565	20518	7129	15423	17420	13725	7506	9970	4343
chrX_13671259_13683528_TCEANC	134	109	234	93	539	110	559	95	217	125	721	148	446	370	386	101	381	89
chrX_78615880_78623049_ITM2A	12	0	66	18	717	58	83	14	26	4	10	6	8	2	402	257	12	0
chr2_96472799_96492729_LINC00342	98	1310	275	1037	328	697	312	771	153	576	470	1030	273	2258	238	1180	328	658
chr12_133656788_133684260_ZNF140	2244	702	1172	649	3016	705	6101	601	3706	533	6441	1006	4099	3210	3260	738	3877	577
chr2_234263139_234380744_DGKD	1169	636	1889	1229	3402	1145	7210	1052	3306	638	7014	1479	6188	4184	3120	1660	2116	752
chr4_103806205_103940862_SLC9B1	411	596	871	941	1136	1046	2579	1037	906	888	2311	1935	1312	3998	1152	1330	1507	1017
chr17_38710020_38721724_CCR7	294	76	243	173	353	184	424	93	424	193	259	120	438	406	304	115	1354	107
chr15_74362197_74374891_GOLGA6A	226	3	151	4	148	0	777	0	79	6	559	0	400	22	146	1	277	3
chr2_85621870_85641197_CAPG	1305	4508	1629	4644	4051	5493	2669	2828	1735	3346	9231	11214	2982	18606	2408	4164	4936	5460
chr14_101348222_101348315_MIR433	3	0	0	0	0	0	0	0	0	0	0	0	0	0	0	0	2	0
chr15_74466050_74469212_ISLR	709	10710	1062	16378	1788	26888	1442	12907	1042	10270	7823	31297	2574	64968	2489	7964	2436	13057
chr18_14969605_14970467_LINC01444	10	6	0	0	2	0	0	0	0	10	3	0	0	0	0	1	8	5
chr6_32158542_32163300_GPSM3	45	232	124	319	230	472	159	215	103	372	417	718	134	556	242	325	200	383
chr11_10879763_10900823_ZBED5-AS1	33	54	76	70	106	88	189	44	58	46	198	126	98	264	60	64	125	78
chr7_43906156_43909116_MRPS24	1114	770	1697	1256	5919	2097	6350	1092	2468	1010	10661	2673	5097	5568	3179	1256	5157	1218
chr11_119981993_120008821_TRIM29	6	20	32	66	54	50	16	10	4	16	307	112	20	53	112	10	71	54
chr11_64755416_64764443_BATF2	21	4	128	14	395	14	215	14	81	14	713	30	192	37	147	8	385	14
chr3_23845514_23848396_UBE2E1-AS1	18	23	40	20	62	15	136	17	44	12	147	36	106	110	61	37	123	34
chr16_67428054_67450380_ZDHHC1	242	523	332	858	1061	1053	1816	930	778	808	1899	1369	1611	3699	647	827	921	759
chr1_62920396_63154057_DOCK7	4489	5009	6714	5710	12672	7080	19328	4673	9071	4926	29961	9832	14131	18719	11350	7672	12746	4932
chr7_140033551_140098350_SLC37A3	412	1553	641	2196	1150	2876	2208	2014	1280	2397	3062	3879	1425	10306	1096	2476	998	2182
chr16_2581922_2582006_MIR3178	0	2	0	1	0	0	2	0	0	0	0	2	3	6	1	0	1	0
chr3_56654159_56717293_TASOR	2795	2880	4549	3824	8584	3828	12064	3189	6591	2909	17464	5214	9176	11921	7414	4062	6754	2740
chr10_102756827_102767593_LZTS2	1279	3840	783	7684	5295	11200	10050	5548	7306	6921	5152	13431	5616	25467	2059	6923	3367	5775
chr11_119286185_119295695_THY1	6741	20466	13188	37119	40380	32399	35773	33558	19605	32468	46329	41207	10336	61393	20048	36715	22376	23656
chr19_1248551_1259142_MIDN	895	2333	959	4978	5129	5846	5630	4889	4946	5805	5979	6574	2849	17662	3102	5747	1075	2334
chr6_64516728_64532535_SCAT8	25	0	117	0	24	0	134	8	7	2	309	2	132	2	93	0	256	2
chr11_125495030_125546151_CHEK1	465	561	797	1246	1284	865	762	815	348	780	2248	2236	643	3754	1769	1956	1035	1051
chrX_96138906_96140466_RPA4	9	3	10	8	26	0	28	1	15	4	24	11	2	19	19	7	15	2
chr8_57870489_57906426_IMPAD1	1424	5567	2462	7945	4217	9522	6516	6661	3235	6171	6848	11213	5310	27190	3946	10652	2007	5468
chr17_48638075_48704835_CACNA1G	590	271	498	228	514	273	5139	338	1087	207	1714	689	366	1049	193	25	821	425
chr16_2821414_2827281_ELOB	694	1734	1477	2238	5224	6144	3793	2061	1936	2081	5941	4675	2516	14716	1840	2268	4560	3495
chr21_43731776_43735706_TFF3	0	0	6	2	2	0	2	0	0	0	0	0	0	0	2	4	2	0
chr4_74902305_74904406_CXCL3	1054	34	845	89	6330	46	5280	61	5271	39	45359	28	2670	122	2130	323	13698	40
chr9_111934253_112083244_EPB41L4B	12	40	30	60	111	116	288	73	94	82	91	107	159	448	100	172	25	53
chr15_25315577_25315674_SNORD116-8	1	0	0	0	0	0	0	0	1	0	0	0	0	2	0	1	1	0
chr6_32485129_32498064_HLA-DRB5	0	1	0	4	1	1	1	1	0	0	14	11	0	0	2	0	1	2
chr14_89078774_89259297_EML5	358	376	705	467	1199	438	2460	585	1293	450	2539	762	1470	1917	1248	658	1147	396
chr16_90038987_90067195_AFG3L1P	207	359	456	844	680	604	813	584	367	518	1465	1037	1117	3384	376	739	354	576
chr8_145317575_145317640_MIR7112	7	1	16	8	27	16	36	1	21	0	38	8	56	88	2	7	20	12
chr2_62901012_63273622_EHBP1	2659	6991	2208	6745	6070	6680	7411	5829	4033	5500	7011	11167	6766	30490	3923	9061	3705	6101
chr1_200520624_200589879_KIF14	875	560	1415	1273	3076	1212	518	726	250	545	2634	3544	389	2018	2192	2045	1103	1316
chrX_85116184_85302562_CHM	1640	1336	3072	1559	4834	1849	5638	1425	3154	1573	9710	2482	7041	5115	4684	2103	5594	1537
chr11_66330934_66336077_CTSF	627	2011	734	2666	1425	3204	4710	3639	2301	3082	5704	4979	2814	14807	1452	1921	2070	2612
chr6_15523031_15663289_DTNBP1	95	469	116	670	468	796	705	630	360	527	378	1030	573	2831	263	754	236	496
chr1_68511568_68517314_DIRAS3	52	12	269	213	192	84	357	11	135	53	1113	262	163	182	259	61	219	30
chrX_133674214_133674292_MIR450B	0	0	0	0	0	2	0	0	0	0	0	0	0	2	0	1	0	0
chr11_3246259_3253647_MRGPRE	0	4	30	0	4	2	8	0	5	6	41	4	10	6	6	0	11	2
chr1_178060642_178063128_RASAL2-AS1	550	75	547	113	1319	150	2764	134	1658	155	1953	159	658	358	787	89	707	65
chr17_42018169_42019844_PPY	0	0	7	0	4	0	0	0	0	0	4	0	0	0	2	0	10	0
chr12_124196899_124246302_ATP6V0A2	357	510	1581	1370	2120	1276	2858	1289	1877	1230	4922	1603	2689	4700	1916	1203	1976	1071
chr4_157681605_157892951_PDGFC	4142	2862	5142	2695	12163	3874	10942	2734	5178	1945	17313	6794	7435	14975	5849	3657	8246	4926
chr17_74002925_74023387_EVPL	13	3	9	6	5	0	15	0	4	1	20	18	12	1	14	0	26	5
chr7_107384141_107402112_CBLL1	2573	794	3605	1246	7742	1402	11861	1269	4890	1130	15553	2169	8241	4071	6691	1390	9169	1332
chr13_53226970_53275044_SUGT1	1535	1735	2326	2356	3624	2566	3532	2148	2097	1941	7549	4492	4476	10207	3080	2790	2944	2125
chr1_212113740_212209002_INTS7	1332	655	2343	1568	4544	966	5909	1290	2434	1013	9080	2107	5087	4705	4149	2046	2991	1246
chr12_100660917_100735502_SCYL2	5578	2833	7600	3625	17040	4126	17019	3411	15193	3714	30914	5445	19028	13435	12318	4900	12756	2880
chr17_74732646_74775423_MFSD11	1394	1347	1954	3667	7109	4234	9675	2493	5057	2490	12435	6572	5979	10126	3951	3518	5348	2529
chr7_141478288_141479188_TAS2R4	4	8	8	3	0	5	9	0	3	5	5	0	23	9	1	1	3	4
chr12_88429312_88443937_C12orf29	605	591	1231	778	1812	681	1590	802	862	734	3213	1267	2344	3275	2504	1189	1721	788
chr14_24600674_24602058_FITM1	1	4	0	2	13	5	15	3	6	9	14	2	15	18	4	11	9	2
chr9_139098178_139137658_QSOX2	721	816	1403	1751	3634	2016	3713	1594	2006	1304	6870	2865	4138	7007	2624	1878	2290	1405
chr11_67801363_67801448_MIR4691	0	2	2	13	5	9	3	12	1	15	7	15	9	72	3	14	1	16
chr15_65107830_65117846_PIF1	88	242	52	683	1814	600	164	544	65	368	273	1124	35	813	174	519	81	466
chr1_172106018_172113975_DNM3OS	1178	1031	701	1957	2650	1881	3716	2956	3206	1439	2756	2792	2167	8119	1143	3712	1666	2497
chr15_79213399_79237440_CTSH	73	84	119	166	89	97	244	88	180	109	294	119	304	263	133	144	150	61
chr13_36875774_36944317_SPART	7690	2967	6024	3704	16893	4414	29595	4104	21275	3632	22721	6253	17732	17009	10670	5305	17022	3499
chr2_219854911_219858144_CRYBA2	12	0	83	7	8	2	22	0	6	2	127	2	6	2	36	0	50	4
chr20_62328004_62330037_TNFRSF6B	73	48	136	145	321	177	701	127	362	227	935	249	257	333	353	155	317	78
chr11_72929325_72953472_P2RY2	2	18	4	24	4	18	3	14	0	8	7	10	4	56	11	8	6	2
chr11_110300671_110335608_FDX1	555	368	624	551	1204	661	2502	580	1403	583	2698	914	1784	2842	473	581	1253	594
chr22_37966254_37976094_LGALS2	113	149	122	145	242	237	653	115	171	99	378	186	111	484	253	197	153	59
chr2_119981409_120023228_STEAP3	322	958	1513	5110	2526	5367	2376	2828	349	1688	3124	8066	1811	10313	2954	4833	1194	2245
chr2_69240275_69476459_ANTXR1	6035	23185	5689	24022	9944	30900	35079	30687	19293	25127	28932	50873	30523	105188	6098	18881	16000	29280
chr5_178977554_179037013_RUFY1	1808	1755	3236	3147	6925	2935	9832	2353	4193	2527	12171	4727	11742	13071	3574	2331	7134	3269
chr8_91013579_91065861_DECR1	892	1486	1125	1867	3930	2399	2597	1606	1344	1323	4320	3083	3936	7592	1739	2565	1874	1847
chr10_124670125_124672627_FAM24A	2	0	0	0	0	0	1	0	2	0	3	2	3	0	8	0	0	0
chrX_49106898_49121172_FOXP3	40	43	36	70	208	48	177	53	67	39	341	85	172	178	105	59	99	38
chr10_61786055_62493286_ANK3	144	22	142	38	343	64	584	43	279	40	296	15	390	416	3460	1867	404	4
chr12_49621708_49668383_TUBA1C	428	8245	934	21965	4625	24640	1279	14630	987	16438	5415	51654	1146	60114	3593	30819	1409	19622
chr20_42295658_42345136_MYBL2	777	832	3467	3123	2160	2004	1505	1623	308	1922	8782	5206	903	4253	5601	4008	3318	1792
chr10_134321947_134350427_LOC107984282	34	16	327	26	192	21	139	26	80	21	359	37	54	68	219	35	119	11
chr7_1004487_1015185_COX19	518	476	760	641	1599	740	2944	570	1712	492	4357	949	1864	2433	1170	631	1795	492
chr3_49506135_49573051_DAG1	131	4846	262	7830	557	9179	296	5660	221	6457	738	13142	392	26849	456	10453	189	3855
chr3_151877252_151923218_LOC101928166	22	2	65	2	24	0	26	0	0	2	54	2	20	18	52	2	40	0
chr6_31765172_31774743_LSM2	68	323	120	655	197	568	297	658	102	432	502	1309	340	2563	290	875	264	610
chr19_16308721_16356717_AP1M1	592	2450	1077	4401	3217	5155	3412	3561	1980	3966	6749	9104	3176	14569	2103	3759	1670	3676
chr10_11495944_11653788_USP6NL	794	687	548	1001	1404	1016	3288	914	1429	701	2881	1467	2079	3265	1237	1192	1602	766
chr10_103529886_103540126_FGF8	2	2	4	9	15	9	25	4	16	5	42	10	60	17	11	4	46	6
chr1_177897922_178007142_CRYZL2P-SEC16B	37	507	96	754	102	826	161	657	30	453	156	1335	181	2591	125	875	120	776
chr15_69070873_69113234_ANP32A	1111	2563	1850	4622	4274	4966	4136	2737	2244	1968	3045	5912	2902	19467	2633	6991	5556	3257
chr8_121137340_121385812_COL14A1	71	98	107	120	143	186	641	545	358	213	256	226	454	931	2946	6112	186	228
chr3_38207027_38296975_OXSR1	4798	3908	8647	6148	16233	7311	13206	4142	8334	4444	26008	7857	14910	21673	13660	8110	13100	3618
chr17_72983726_73001895_CDR2L	547	2310	1130	4944	2438	7005	1493	3298	732	3893	6254	8244	1793	12062	1932	3269	1804	3189
chr11_58294343_58345712_LPXN	13506	1774	17133	2307	16881	1003	31226	1605	17243	2140	116402	9317	16210	3966	4133	347	59145	3227
chr19_10514133_10514214_MIR1181	366	392	562	738	1617	889	1356	467	848	549	2734	1026	1132	2375	1097	780	1540	798
chr9_102668935_102736816_STX17	591	986	1059	1395	3189	1502	2204	1315	1517	1017	2814	1887	3227	4024	1401	1717	1008	982
chr11_34903841_34937926_APIP	137	416	440	717	477	545	706	596	286	475	1323	1175	801	2858	506	729	477	569
chrX_150148979_150159248_HMGB3	464	758	378	1832	1027	1261	4758	1220	1043	646	1082	3111	564	6590	1027	3175	451	1346
chrX_48970344_48980085_GPKOW	658	834	1287	1333	3042	1471	2958	1013	1531	909	5872	2040	4492	5224	2245	1220	2315	1143
chr10_13628964_13672859_PRPF18	624	701	1045	955	1879	992	1973	715	1113	841	3347	1576	2333	4650	1421	1322	1558	962
chr19_44100543_44105309_ZNF576	233	271	326	339	1102	441	1024	367	564	277	1526	806	941	1794	463	430	695	480
chr11_65306029_65325699_LTBP3	1859	5738	2263	14537	4844	13814	9532	13252	3356	8900	8742	16939	6319	49833	7880	15099	4329	8257
chr3_12328983_12475855_PPARG	177	87	105	87	310	61	522	72	588	123	157	61	168	518	190	196	118	38
chr7_129142371_129152759_SMKR1	0	2	6	0	4	0	8	2	2	2	1	3	2	19	6	2	10	2
chr22_50609159_50618724_PANX2	17	150	52	242	37	375	72	299	57	387	179	535	112	977	70	156	131	373
chr16_67226057_67232821_E2F4	1792	1114	2653	2628	6820	2553	12325	2562	6687	2149	14226	4742	5645	8508	4519	2600	5160	1970
chr5_168133931_168147889_LOC101927969	549	2109	234	1385	476	2738	1456	2818	1068	2653	1588	2800	672	8141	389	1492	777	1878
chr11_2425744_2444275_TRPM5	2	1	14	0	30	5	26	1	4	3	35	0	6	0	6	0	26	0
chr16_3138890_3149295_ZSCAN10	0	0	9	0	6	0	4	3	1	1	21	1	3	2	8	0	11	0
chr1_19991367_20007459_HTR6	8	17	10	4	54	6	40	19	6	10	40	21	72	25	12	4	27	10
chr15_44085856_44085957_MIR1282	1714	3612	2212	3248	11531	12473	5625	3492	3929	4508	11067	9192	4229	30436	3930	3913	7491	5869
chr1_218518625_218617961_TGFB2	5831	136	9193	269	21102	853	17432	626	10709	573	18075	306	10814	1528	13811	613	6801	178
chr2_172864859_172947158_METAP1D	60	259	85	418	205	343	490	377	176	296	371	602	613	1724	168	577	220	306
chr2_113125945_113191222_RGPD8	28869	3305	7695	3581	12153	2968	43073	2836	28765	2524	18756	5479	21345	23777	12098	4468	9740	3068
chr6_29855349_29858856_HLA-H	4061	3048	6784	5442	15608	10675	12792	3082	3405	1673	27820	7463	14754	72388	2685	1165	5139	2144
chr20_43104513_43123244_TTPAL	2159	1170	3651	1942	5818	1777	7503	1672	5342	1811	12161	3182	5379	5343	5282	2500	4493	1486
chr14_81421964_81612650_TSHR	103	18	45	18	111	11	332	7	222	8	77	12	102	46	117	7	237	5
chr11_117049458_117068158_SIDT2	1758	2763	1551	3571	5670	5936	6100	3414	4811	3918	6743	5768	4770	11234	2717	3130	2917	2641
chr2_63344985_63346677_DBIL5P2	2	2	1	0	5	0	10	0	0	0	11	2	7	7	6	0	2	1
chr5_139937852_139944189_APBB3	4924	391	3242	1196	8846	1034	10493	908	17486	728	9309	1414	9978	5145	3419	1105	17962	843
chr2_202241929_202316181_TRAK2	627	3049	823	4233	2021	4824	2075	3261	1481	3331	2272	6746	1623	13398	1180	4443	944	3520
chr1_227918889_227923112_JMJD4	430	399	422	827	2106	1182	2631	745	1228	776	3084	1488	1124	3165	1160	951	830	725
chr3_120111139_120169839_FSTL1	45700	126116	62185	155613	100171	215421	164752	156903	124978	186759	236534	249483	89196	630530	152074	224636	90035	149116
chr6_160542846_160579750_SLC22A1	422	12	699	6	357	11	244	10	72	7	1985	9	189	38	1448	8	1232	10
chr17_6561037_6564701_ALOX15P1	0	0	0	0	0	2	14	2	1	1	0	0	17	5	0	0	3	2
chr1_44398991_44402912_ARTN	58	12	155	25	338	21	429	24	191	16	835	53	487	63	227	29	451	8
chr17_28705944_28797007_CPD	4170	6388	4164	6339	8833	9456	14722	5266	10700	6893	18645	12136	7650	21633	9066	8976	7511	5985
chr21_45834472_45845446_TRPM2-AS	0	0	1	0	7	4	4	2	2	0	6	1	1	0	3	0	4	2
chr1_62208151_62629621_PATJ	214	838	418	949	727	957	764	733	535	683	1577	1043	784	2781	512	757	564	466
chr5_162864576_162875205_CCNG1	928	2734	1200	3154	4307	4085	2999	3496	2131	2728	5298	5661	3072	12331	2019	4954	1530	3423
chr4_4861391_4865663_MSX1	616	1209	445	992	2129	2745	7559	1190	2533	3018	3644	2944	963	6147	372	156	1065	1837
chr11_63952743_63972020_STIP1	4172	4731	6951	8735	17262	8768	14007	6472	7766	5640	28429	13460	14525	29157	14185	13050	11952	6928
chrX_154610354_154610948_H2AB2	13	0	9	14	3	0	14	1	5	4	7	6	7	3	0	2	1	0
chr1_34610_36081_FAM138A	2	0	153	0	5	0	124	0	12	0	1	1	3	0	41	0	13	0
chr9_5450502_5470567_CD274	1997	93	5007	275	6614	239	4746	185	3911	218	22119	223	6098	1526	13199	514	8973	157
chr19_305574_344841_MIER2	809	932	1132	2036	3884	2541	3189	1559	1997	1571	6550	3080	3877	5951	3470	2055	2226	1202
chr5_168195150_168195260_MIR218-2	0	0	0	0	0	0	0	1	0	2	0	0	0	3	0	1	0	0
chr3_33537736_33759746_CLASP2	1177	1646	3268	2767	4878	2953	3234	2113	1876	2268	10864	4024	4038	6962	5922	3983	3436	2222
chr1_220701477_220837803_MARK1	189	319	174	373	322	221	1150	345	431	286	480	415	580	1215	305	302	241	250
chr3_50606582_50633597_HEMK1	287	944	533	1615	1508	1693	1490	1650	712	1292	1879	2392	1468	6540	695	1308	857	1440
chr17_48503518_48552206_ACSF2	134	450	293	941	1183	1237	812	689	228	516	453	1100	624	3120	474	844	340	681
chr11_18101838_18127629_SAAL1	174	177	433	554	811	349	989	438	319	320	1609	831	1111	1844	930	600	783	397
chr9_33290513_33371155_NFX1	5317	1951	7053	3579	18172	3274	22540	2880	12715	2785	33222	5648	17729	12104	8976	3496	17788	3197
chr7_92861652_92990435_VPS50	677	844	1032	1103	2210	1125	3183	1121	1236	909	3865	1857	3958	4205	1638	1335	1704	1042
chr4_83819292_83819378_SNORD144	2	2	7	17	7	7	1	11	1	6	11	10	18	49	8	35	0	10
chr15_74900712_74922542_CLK3	1940	1216	2815	2020	7990	2273	8466	1533	4740	1389	11790	2287	6513	6671	4247	1733	5264	1573
chr10_3094685_3109125_LOC101927824	28	1	27	16	26	25	59	8	18	10	62	8	16	38	73	14	58	11
chr12_4430378_4469194_TIGAR	1086	1031	1731	1260	6276	1243	6166	1192	3308	1140	8017	1721	3831	4772	2935	1736	1532	1057
chr19_51320936_51322134_LINC01869	6	2	6	1	36	5	50	3	12	0	57	19	22	17	11	5	18	5
chr19_38893774_38899728_FAM98C	111	380	240	537	730	750	690	472	377	485	1065	798	943	2334	316	418	370	483
chr3_101443457_101489406_CEP97	127	497	206	889	757	705	158	677	131	655	677	1570	450	2014	439	1165	179	626
chr12_29433347_29470781_LOC100506606	169	125	483	297	587	264	989	188	249	116	774	247	833	525	1369	585	420	151
chr7_102715327_102740210_ARMC10	361	896	395	1209	1015	1420	1060	1197	713	998	2068	1729	1272	4622	703	1039	796	1077
chr10_47133294_47133836_HNRNPA1P33	89	11	18	11	45	47	91	1	232	29	166	79	11	33	48	30	17	15
chr17_12575178_12609452_MYOCD-AS1	7	1	54	31	159	52	108	3	22	4	43	7	23	1	62	10	6	1
chr10_1205707_1210612_LINC00200	0	0	0	0	4	0	0	0	32	11	2	0	258	169	3	0	0	0
chr3_140660677_140699837_SLC25A36	448	2136	1033	2855	2369	3714	1916	2636	944	2087	3400	4062	3059	10461	1880	3199	1264	2385
chr2_36923832_37041937_VIT	51	229	26	44	59	190	21	63	109	215	137	179	99	275	5	3	16	38
chr1_206137264_206155151_FAM72A	590	348	421	527	1248	423	446	341	266	343	1300	951	452	2463	661	588	818	620
chr1_147954634_147955377_PPIAL4G	10	0	0	0	0	0	0	0	0	0	2	0	0	0	0	0	0	0
chr2_47143004_47303262_TTC7A	2783	2613	3551	4574	8484	4839	13953	4188	6275	4604	17149	8464	6476	11476	3575	2244	8870	4321
chr14_101420680_101420784_SNORD114-4	0	1	0	0	0	1	0	0	1	1	0	3	3	4	0	2	0	0
chr15_52303195_52311292_MAPK6-DT	220	1	222	4	564	21	419	4	321	5	838	28	164	36	292	18	737	23
chr21_37442321_37445462_CBR1	114	1554	136	2146	187	1687	200	1658	192	2195	582	4783	310	9742	324	2531	470	2339
chr11_66240960_66247720_LOC101928069	49	291	126	504	307	668	369	404	140	411	570	863	342	1613	158	384	241	364
chr17_42430582_42441221_FAM171A2	72	196	177	426	214	488	352	271	68	286	801	205	261	977	221	298	220	170
